[{"SchoolCode":"29200416701","SchoolName":"GLPS A MEDI HALLI","SchoolCategory":"Primary","SchoolType":"Co-edu","ManagementType":"Department of Education","DistrictName":"BANGALORE U SOUTH","TalukName":"ANEKAL","VillageName":"A MEDI HALLI","ContactNumber":"080-26701189 /9448999327","GirlsToilet":true,"Kitchen":true,"Electricity":true,"WaterFacility":true,"BookBank":true,"GirlsHeadCount":10,"BoysHeadCount":11},{"SchoolCode":"29200404601","SchoolName":"GLPS ADESONNA HATTI","SchoolCategory":"Primary","SchoolType":"Co-edu","ManagementType":"Department of Education","DistrictName":"BANGALORE U SOUTH","TalukName":"ANEKAL","VillageName":"ADESONNA HATTE","ContactNumber":"080-26701189 /9448999327","GirlsToilet":true,"Kitchen":true,"Electricity":true,"WaterFacility":true,"BookBank":true,"GirlsHeadCount":9,"BoysHeadCount":12},{"SchoolCode":"29200402102","SchoolName":"GKHS ADIGARA KALLA HALLI","SchoolCategory":"Primary with Upper Primary","SchoolType":"Co-edu","ManagementType":"Department of Education","DistrictName":"BANGALORE U SOUTH","TalukName":"ANEKAL","VillageName":"ADIGARA KALLA HALLLI","ContactNumber":"080-26701189 /9448999327","GirlsToilet":true,"Kitchen":true,"Electricity":true,"WaterFacility":true,"BookBank":true,"GirlsHeadCount":46,"BoysHeadCount":50},{"SchoolCode":"29200402101","SchoolName":"GUHPS ADIGARA KALLA HALLI","SchoolCategory":"Primary with Upper Primary","SchoolType":"Co-edu","ManagementType":"Department of Education","DistrictName":"BANGALORE U SOUTH","TalukName":"ANEKAL","VillageName":"ADIGARA KALLA HALLLI","ContactNumber":"080-26701189 /9448999327","GirlsToilet":true,"Kitchen":true,"Electricity":true,"WaterFacility":true,"BookBank":true,"GirlsHeadCount":79,"BoysHeadCount":54},{"SchoolCode":"29200411201","SchoolName":"GHPS ADIGONDANA HALLI","SchoolCategory":"Primary with Upper Primary","SchoolType":"Co-edu","ManagementType":"Department of Education","DistrictName":"BANGALORE U SOUTH","TalukName":"ANEKAL","VillageName":"ADIGONDANA HALLI","ContactNumber":"080-26701189 /9448999327","GirlsToilet":true,"Kitchen":true,"Electricity":true,"WaterFacility":true,"BookBank":true,"GirlsHeadCount":35,"BoysHeadCount":32},{"SchoolCode":"29200416601","SchoolName":"GLPS ADUR","SchoolCategory":"Primary","SchoolType":"Co-edu","ManagementType":"Department of Education","DistrictName":"BANGALORE U SOUTH","TalukName":"ANEKAL","VillageName":"ADURU","ContactNumber":"080-26701189 /9448999327","GirlsToilet":true,"Kitchen":true,"Electricity":true,"WaterFacility":true,"BookBank":true,"GirlsHeadCount":15,"BoysHeadCount":16},{"SchoolCode":"29200422301","SchoolName":"GLPS AMRUTHANAGAR","SchoolCategory":"Primary","SchoolType":"Co-edu","ManagementType":"Department of Education","DistrictName":"BANGALORE U SOUTH","TalukName":"ANEKAL","VillageName":"AGASEMARANAHALLI","ContactNumber":"080-26701189 /9448999327","GirlsToilet":true,"Kitchen":true,"Electricity":true,"WaterFacility":true,"BookBank":true,"GirlsHeadCount":23,"BoysHeadCount":26},{"SchoolCode":"29200411501","SchoolName":"GLPS ALIBOMMA SANDRA","SchoolCategory":"Primary","SchoolType":"Co-edu","ManagementType":"Department of Education","DistrictName":"BANGALORE U SOUTH","TalukName":"ANEKAL","VillageName":"ALIBOMMASANDRA","ContactNumber":"080-26701189 /9448999327","GirlsToilet":true,"Kitchen":true,"Electricity":true,"WaterFacility":true,"BookBank":true,"GirlsHeadCount":30,"BoysHeadCount":26},{"SchoolCode":"29200401045","SchoolName":"ANEKAL PUBLIC SCHOOL","SchoolCategory":"Pr. with Up.Pr. & sec./H.Sec.","SchoolType":"Co-edu","ManagementType":"Pvt. Unaided","DistrictName":"BANGALORE U SOUTH","TalukName":"ANEKAL","VillageName":"ANEKAL TOWN","ContactNumber":"080-26701189 /9448999327","GirlsToilet":true,"Kitchen":false,"Electricity":true,"WaterFacility":true,"BookBank":false,"GirlsHeadCount":617,"BoysHeadCount":603},{"SchoolCode":"29200401014","SchoolName":"ARAVIND VIDYA SAMSTHE HPS","SchoolCategory":"Pr. with Up.Pr. & sec./H.Sec.","SchoolType":"Co-edu","ManagementType":"Pvt. Unaided","DistrictName":"BANGALORE U SOUTH","TalukName":"ANEKAL","VillageName":"ANEKAL TOWN","ContactNumber":"080-26701189 /9448999327","GirlsToilet":true,"Kitchen":false,"Electricity":true,"WaterFacility":true,"BookBank":false,"GirlsHeadCount":181,"BoysHeadCount":205},{"SchoolCode":"29200401051","SchoolName":"ASB GOVT PRE UNIVERSITY COLLEGE","SchoolCategory":"Secondary Only (8-10)","SchoolType":"Co-edu","ManagementType":"Department of Education","DistrictName":"BANGALORE U SOUTH","TalukName":"ANEKAL","VillageName":"ANEKAL TOWN","ContactNumber":"080-26701189 /9448999327","GirlsToilet":true,"Kitchen":true,"Electricity":true,"WaterFacility":true,"BookBank":true,"GirlsHeadCount":201,"BoysHeadCount":394},{"SchoolCode":"29200401033","SchoolName":"BHARATHI HIGHSER PRIMARY SCH","SchoolCategory":"Primary with Upper Primary","SchoolType":"Co-edu","ManagementType":"Pvt. Aided","DistrictName":"BANGALORE U SOUTH","TalukName":"ANEKAL","VillageName":"ANEKAL TOWN","ContactNumber":"080-26701189 /9448999327","GirlsToilet":true,"Kitchen":false,"Electricity":true,"WaterFacility":true,"BookBank":false,"GirlsHeadCount":260,"BoysHeadCount":312},{"SchoolCode":"29200401060","SchoolName":"BHARATI HIGH SCHOOL","SchoolCategory":"Secondary Only (8-10)","SchoolType":"Co-edu","ManagementType":"Pvt. Aided","DistrictName":"BANGALORE U SOUTH","TalukName":"ANEKAL","VillageName":"ANEKAL TOWN","ContactNumber":"080-26701189 /9448999327","GirlsToilet":true,"Kitchen":false,"Electricity":true,"WaterFacility":true,"BookBank":false,"GirlsHeadCount":225,"BoysHeadCount":249},{"SchoolCode":"29200401056","SchoolName":"GAJASHILA GANGOTHRI ANEKAL","SchoolCategory":"Primary","SchoolType":"Co-edu","ManagementType":"Pvt. Unaided","DistrictName":"BANGALORE U SOUTH","TalukName":"ANEKAL","VillageName":"ANEKAL TOWN","ContactNumber":"080-26701189 /9448999327","GirlsToilet":true,"Kitchen":false,"Electricity":true,"WaterFacility":true,"BookBank":false,"GirlsHeadCount":12,"BoysHeadCount":13},{"SchoolCode":"29200401002","SchoolName":"GHPS (GIRLS) ANEKAL","SchoolCategory":"Primary with Upper Primary","SchoolType":"Co-edu","ManagementType":"Department of Education","DistrictName":"BANGALORE U SOUTH","TalukName":"ANEKAL","VillageName":"ANEKAL TOWN","ContactNumber":"080-26701189 /9448999327","GirlsToilet":true,"Kitchen":true,"Electricity":true,"WaterFacility":true,"BookBank":true,"GirlsHeadCount":162,"BoysHeadCount":143},{"SchoolCode":"29200401005","SchoolName":"GHPS D K BAGILU","SchoolCategory":"Primary with Upper Primary","SchoolType":"Co-edu","ManagementType":"Department of Education","DistrictName":"BANGALORE U SOUTH","TalukName":"ANEKAL","VillageName":"ANEKAL TOWN","ContactNumber":"080-26701189 /9448999327","GirlsToilet":true,"Kitchen":true,"Electricity":true,"WaterFacility":true,"BookBank":true,"GirlsHeadCount":78,"BoysHeadCount":72},{"SchoolCode":"29200401006","SchoolName":"GHPS DEVANGA PET","SchoolCategory":"Primary with Upper Primary","SchoolType":"Co-edu","ManagementType":"Department of Education","DistrictName":"BANGALORE U SOUTH","TalukName":"ANEKAL","VillageName":"ANEKAL TOWN","ContactNumber":"080-26701189 /9448999327","GirlsToilet":true,"Kitchen":true,"Electricity":true,"WaterFacility":true,"BookBank":true,"GirlsHeadCount":112,"BoysHeadCount":79},{"SchoolCode":"29200401001","SchoolName":"GHPS NEW ANEKAL","SchoolCategory":"Primary with Upper Primary","SchoolType":"Co-edu","ManagementType":"Department of Education","DistrictName":"BANGALORE U SOUTH","TalukName":"ANEKAL","VillageName":"ANEKAL TOWN","ContactNumber":"080-26701189 /9448999327","GirlsToilet":true,"Kitchen":true,"Electricity":true,"WaterFacility":true,"BookBank":true,"GirlsHeadCount":138,"BoysHeadCount":208},{"SchoolCode":"29200401003","SchoolName":"GHPS OLD ANEKAL","SchoolCategory":"Primary with Upper Primary","SchoolType":"Co-edu","ManagementType":"Department of Education","DistrictName":"BANGALORE U SOUTH","TalukName":"ANEKAL","VillageName":"ANEKAL TOWN","ContactNumber":"080-26701189 /9448999327","GirlsToilet":true,"Kitchen":true,"Electricity":true,"WaterFacility":true,"BookBank":true,"GirlsHeadCount":82,"BoysHeadCount":102},{"SchoolCode":"29200401004","SchoolName":"GHPS URDU ANEKAL","SchoolCategory":"Primary with Upper Primary","SchoolType":"Co-edu","ManagementType":"Department of Education","DistrictName":"BANGALORE U SOUTH","TalukName":"ANEKAL","VillageName":"ANEKAL TOWN","ContactNumber":"080-26701189 /9448999327","GirlsToilet":true,"Kitchen":true,"Electricity":true,"WaterFacility":true,"BookBank":true,"GirlsHeadCount":49,"BoysHeadCount":32},{"SchoolCode":"29200401061","SchoolName":"GLPS ASHRAYA NAGARA","SchoolCategory":"Primary","SchoolType":"Co-edu","ManagementType":"Department of Education","DistrictName":"BANGALORE U SOUTH","TalukName":"ANEKAL","VillageName":"ANEKAL TOWN","ContactNumber":"080-26701189 /9448999327","GirlsToilet":true,"Kitchen":true,"Electricity":true,"WaterFacility":true,"BookBank":true,"GirlsHeadCount":10,"BoysHeadCount":17},{"SchoolCode":"29200408201","SchoolName":"GLPS ANNAIAHNA DODDI","SchoolCategory":"Primary","SchoolType":"Co-edu","ManagementType":"Department of Education","DistrictName":"BANGALORE U SOUTH","TalukName":"ANEKAL","VillageName":"ANNAIAHANA DODDI","ContactNumber":"080-26701189 /9448999327","GirlsToilet":true,"Kitchen":true,"Electricity":true,"WaterFacility":true,"BookBank":true,"GirlsHeadCount":13,"BoysHeadCount":11},{"SchoolCode":"29200419501","SchoolName":"GLPS ARAVANTIGE PURA","SchoolCategory":"Primary","SchoolType":"Co-edu","ManagementType":"Department of Education","DistrictName":"BANGALORE U SOUTH","TalukName":"ANEKAL","VillageName":"ARAVANTIGE PURA","ContactNumber":"080-26701189 /9448999327","GirlsToilet":true,"Kitchen":true,"Electricity":true,"WaterFacility":true,"BookBank":true,"GirlsHeadCount":5,"BoysHeadCount":14},{"SchoolCode":"29200419001","SchoolName":"GLPS AREHALLI","SchoolCategory":"Primary","SchoolType":"Co-edu","ManagementType":"Department of Education","DistrictName":"BANGALORE U SOUTH","TalukName":"ANEKAL","VillageName":"AREHALLI","ContactNumber":"080-26701189 /9448999327","GirlsToilet":true,"Kitchen":true,"Electricity":true,"WaterFacility":true,"BookBank":true,"GirlsHeadCount":10,"BoysHeadCount":10},{"SchoolCode":"29200419001","SchoolName":"GLPS AREHALLI","SchoolCategory":"Primary","SchoolType":"Co-edu","ManagementType":"Department of Education","DistrictName":"BANGALORE U SOUTH","TalukName":"ANEKAL","VillageName":"AREHALLI","ContactNumber":"080-26701189 /9448999327","GirlsToilet":true,"Kitchen":true,"Electricity":true,"WaterFacility":true,"BookBank":true,"GirlsHeadCount":10,"BoysHeadCount":10},{"SchoolCode":"29200402701","SchoolName":"GLPS ARENUR","SchoolCategory":"Primary","SchoolType":"Co-edu","ManagementType":"Department of Education","DistrictName":"BANGALORE U SOUTH","TalukName":"ANEKAL","VillageName":"ARENURU","ContactNumber":"080-26701189 /9448999327","GirlsToilet":true,"Kitchen":true,"Electricity":true,"WaterFacility":true,"BookBank":true,"GirlsHeadCount":11,"BoysHeadCount":11},{"SchoolCode":"29200417920","SchoolName":"ATTIBELEPUBLIC SCH","SchoolCategory":"Pr. with Up.Pr. & sec./H.Sec.","SchoolType":"Co-edu","ManagementType":"Pvt. Unaided","DistrictName":"BANGALORE U SOUTH","TalukName":"ANEKAL","VillageName":"ATTIBELE","ContactNumber":"080-26701189 /9448999327","GirlsToilet":true,"Kitchen":false,"Electricity":true,"WaterFacility":true,"BookBank":false,"GirlsHeadCount":264,"BoysHeadCount":356},{"SchoolCode":"29200417906","SchoolName":"BETHAL SCHOOL","SchoolCategory":"Pr. with Up.Pr. & sec./H.Sec.","SchoolType":"Co-edu","ManagementType":"Pvt. Unaided","DistrictName":"BANGALORE U SOUTH","TalukName":"ANEKAL","VillageName":"ATTIBELE","ContactNumber":"080-26701189 /9448999327","GirlsToilet":true,"Kitchen":false,"Electricity":true,"WaterFacility":true,"BookBank":false,"GirlsHeadCount":78,"BoysHeadCount":86},{"SchoolCode":"29200417901","SchoolName":"GHPS BOYS ATTIBELE","SchoolCategory":"Primary with Upper Primary","SchoolType":"Co-edu","ManagementType":"Department of Education","DistrictName":"BANGALORE U SOUTH","TalukName":"ANEKAL","VillageName":"ATTIBELE","ContactNumber":"080-26701189 /9448999327","GirlsToilet":true,"Kitchen":true,"Electricity":true,"WaterFacility":true,"BookBank":true,"GirlsHeadCount":122,"BoysHeadCount":107},{"SchoolCode":"29200417902","SchoolName":"GHPS GIRLS ATTIBELE","SchoolCategory":"Primary with Upper Primary","SchoolType":"Co-edu","ManagementType":"Department of Education","DistrictName":"BANGALORE U SOUTH","TalukName":"ANEKAL","VillageName":"ATTIBELE","ContactNumber":"080-26701189 /9448999327","GirlsToilet":true,"Kitchen":true,"Electricity":true,"WaterFacility":true,"BookBank":true,"GirlsHeadCount":96,"BoysHeadCount":65},{"SchoolCode":"29200417903","SchoolName":"GHPS URDU ATTIBELE","SchoolCategory":"Primary with Upper Primary","SchoolType":"Co-edu","ManagementType":"Department of Education","DistrictName":"BANGALORE U SOUTH","TalukName":"ANEKAL","VillageName":"ATTIBELE","ContactNumber":"080-26701189 /9448999327","GirlsToilet":true,"Kitchen":true,"Electricity":true,"WaterFacility":true,"BookBank":true,"GirlsHeadCount":66,"BoysHeadCount":41},{"SchoolCode":"29200417913","SchoolName":"GLPS MUTSANDRA","SchoolCategory":"Primary","SchoolType":"Co-edu","ManagementType":"Department of Education","DistrictName":"BANGALORE U SOUTH","TalukName":"ANEKAL","VillageName":"ATTIBELE","ContactNumber":"080-26701189 /9448999327","GirlsToilet":true,"Kitchen":true,"Electricity":true,"WaterFacility":true,"BookBank":true,"GirlsHeadCount":4,"BoysHeadCount":10},{"SchoolCode":"29200417905","SchoolName":"JAYABHARATHI HPS","SchoolCategory":"Primary with Upper Primary","SchoolType":"Co-edu","ManagementType":"Pvt. Aided","DistrictName":"BANGALORE U SOUTH","TalukName":"ANEKAL","VillageName":"ATTIBELE","ContactNumber":"080-26701189 /9448999327","GirlsToilet":true,"Kitchen":false,"Electricity":true,"WaterFacility":true,"BookBank":false,"GirlsHeadCount":221,"BoysHeadCount":230},{"SchoolCode":"29200417923","SchoolName":"RADHAKRISHNA EDUCATION ACADEMY","SchoolCategory":"Primary","SchoolType":"Co-edu","ManagementType":"Pvt. Unaided","DistrictName":"BANGALORE U SOUTH","TalukName":"ANEKAL","VillageName":"ATTIBELE","ContactNumber":"080-26701189 /9448999327","GirlsToilet":true,"Kitchen":false,"Electricity":true,"WaterFacility":true,"BookBank":false,"GirlsHeadCount":18,"BoysHeadCount":15},{"SchoolCode":"29200417909","SchoolName":"SHARADA EDUCATION TRUST","SchoolCategory":"Pr. with Up.Pr. & sec./H.Sec.","SchoolType":"Co-edu","ManagementType":"Pvt. Unaided","DistrictName":"BANGALORE U SOUTH","TalukName":"ANEKAL","VillageName":"ATTIBELE","ContactNumber":"080-26701189 /9448999327","GirlsToilet":false,"Kitchen":false,"Electricity":true,"WaterFacility":true,"BookBank":false,"GirlsHeadCount":402,"BoysHeadCount":440},{"SchoolCode":"29200417921","SchoolName":"SRI JAYABHARATHI CO-OPARATIVE HS","SchoolCategory":"Secondary Only (8-10)","SchoolType":"Co-edu","ManagementType":"Pvt. Aided","DistrictName":"BANGALORE U SOUTH","TalukName":"ANEKAL","VillageName":"ATTIBELE","ContactNumber":"080-26701189 /9448999327","GirlsToilet":true,"Kitchen":true,"Electricity":true,"WaterFacility":true,"BookBank":true,"GirlsHeadCount":428,"BoysHeadCount":461},{"SchoolCode":"29200417908","SchoolName":"ST DOMINICS SCHOOL","SchoolCategory":"Pr. with Up.Pr. & sec./H.Sec.","SchoolType":"Co-edu","ManagementType":"Pvt. Unaided","DistrictName":"BANGALORE U SOUTH","TalukName":"ANEKAL","VillageName":"ATTIBELE","ContactNumber":"080-26701189 /9448999327","GirlsToilet":true,"Kitchen":false,"Electricity":true,"WaterFacility":true,"BookBank":false,"GirlsHeadCount":122,"BoysHeadCount":145},{"SchoolCode":"29200417907","SchoolName":"ST PHILOMINA SCHOOL","SchoolCategory":"Pr. with Up.Pr. & sec./H.Sec.","SchoolType":"Co-edu","ManagementType":"Pvt. Unaided","DistrictName":"BANGALORE U SOUTH","TalukName":"ANEKAL","VillageName":"ATTIBELE","ContactNumber":"080-26701189 /9448999327","GirlsToilet":true,"Kitchen":true,"Electricity":true,"WaterFacility":true,"BookBank":true,"GirlsHeadCount":691,"BoysHeadCount":760}]